<?xml version="1.0" encoding="UTF-8" ?>
<library><book category="Languages">
  <title>PL/SQL</title>
  <author>Nancy Greenberg</author>
  <year>2006</year>
  <price>29.00</price>
</book><book category="Database">
  <title>Oracle Database Administration</title>
  <author>Marcie Young</author>
  <year>2004</year>
  <price>42.50</price>
</book><book category="Fusion Middleware">
  <title>SOA Essentials</title>
  <author>Glenn Stokol</author>
  <author>Bijoy Choudhury</author>
  <author>Deepa Pottangadi</author>
  <author>Nagavalli Pataballa</author>
  <year>2007</year>
  <price>50.00</price>
</book><book category="Languages">
  <title>XML Fundamentals</title>
  <author>Chaitanya Koratamaddi</author>
  <year>2007</year>
  <price>48.00</price>
</book></library>

