<?xml version='1.0' encoding="UTF-8"?>
<!--  Using XPath Search try the examples:
1. //department[department_name="Administration"]
2. /departments/department[2]
   /departments/department[position()=2]
3. //department[@num<3]/department_id[.="10"]
4. //department[@num>2 and @num<=4]/department_name

From page 6-16 notes:
   //department[@num>2][@num<=4]/department_name
5. //department[department_id="10" or (@num>1 and @num<4)]
-->
<departments>
   <department num="1">
      <department_id>10</department_id>
      <department_name>Administration</department_name>
      <manager_id>200</manager_id>
      <location_id>1700</location_id>
   </department>
   <department num="2">
      <department_id>20</department_id>
      <department_name>Marketing</department_name>
      <manager_id>201</manager_id>
      <location_id>1800</location_id>
   </department>
   <department num="3">
      <department_id>30</department_id>
      <department_name>Purchasing</department_name>
      <manager_id>114</manager_id>
      <location_id>1700</location_id>
   </department>
   <department num="4">
      <department_id>40</department_id>
      <department_name>Human Resources</department_name>
      <manager_id>203</manager_id>
      <location_id>2400</location_id>
   </department>
</departments>
