<?xml version="1.0" encoding="UTF-8"?>
<!-- This document is used by the XPath expressions on the  
     next few pages. -->
<departments>
	  <department num="1"><department_id>10</department_id>
	    <department_name>Administration</department_name>
	  </department>
	  <department num="2"><department_id>20</department_id>
  	  <department_name>Marketing</department_name>
	  </department>
	  <department num="3"><department_id>30</department_id>
	    <department_name>Purchasing</department_name>	
 	 </department>
  	<department num="4"><department_id>40</department_id>
		 <department_name>Human Resources</department_name>
  	</department>
</departments>

