<?xml version="1.0" encoding="UTF-8"?>
<!-- Open in Mozilla Firefox -->
<?xml-stylesheet type="text/xsl" href="code_07_35_s.xsl"?>
<departments>
   <department num="1">
      <department_id>10</department_id>
      <department_name>Administration</department_name>
      <manager_id>200</manager_id>
      <location_id>1700</location_id>
   </department>
   <department num="2">
      <department_id>20</department_id>
      <department_name>Marketing</department_name>
      <manager_id>201</manager_id>
      <location_id>1800</location_id>
   </department>
   <department num="3">
      <department_id>30</department_id>
      <department_name>Purchasing</department_name>
      <manager_id>114</manager_id>
      <location_id>1700</location_id>
   </department>
   <department num="4">
      <department_id>40</department_id>
      <department_name>Human Resources</department_name>
      <manager_id>203</manager_id>
      <location_id>2400</location_id>
   </department>
   <department num="5">
      <department_id>50</department_id>
      <department_name>Shipping</department_name>
      <manager_id>121</manager_id>
      <location_id>1500</location_id>
   </department>
   <department num="6">
      <department_id>60</department_id>
      <department_name>IT</department_name>
      <manager_id>103</manager_id>
      <location_id>1400</location_id>
   </department>
   <department num="7">
      <department_id>70</department_id>
      <department_name>Public Relations</department_name>
      <manager_id>204</manager_id>
      <location_id>2700</location_id>
   </department>
   <department num="8">
      <department_id>80</department_id>
      <department_name>Sales</department_name>
      <manager_id>145</manager_id>
      <location_id>2500</location_id>
   </department>
   <department num="9">
      <department_id>90</department_id>
      <department_name>Executive</department_name>
      <manager_id>100</manager_id>
      <location_id>1700</location_id>
   </department>
   <department num="10">
      <department_id>100</department_id>
      <department_name>Finance</department_name>
      <manager_id>108</manager_id>
      <location_id>1700</location_id>
   </department>
   <department num="11">
      <department_id>110</department_id>
      <department_name>Accounting</department_name>
      <manager_id>205</manager_id>
      <location_id>1700</location_id>
   </department>
   <department num="12">
      <department_id>120</department_id>
      <department_name>Treasury</department_name>
      <location_id>1700</location_id>
   </department>
   <department num="13">
      <department_id>130</department_id>
      <department_name>Corporate Tax</department_name>
      <location_id>1700</location_id>
   </department>
   <department num="14">
      <department_id>140</department_id>
      <department_name>Control And Credit</department_name>
      <location_id>1700</location_id>
   </department>
   <department num="15">
      <department_id>150</department_id>
      <department_name>Shareholder Services</department_name>
      <location_id>1700</location_id>
   </department>
   <department num="16">
      <department_id>160</department_id>
      <department_name>Benefits</department_name>
      <location_id>1700</location_id>
   </department>
   <department num="17">
      <department_id>170</department_id>
      <department_name>Manufacturing</department_name>
      <location_id>1700</location_id>
   </department>
   <department num="18">
      <department_id>180</department_id>
      <department_name>Construction</department_name>
      <location_id>1700</location_id>
   </department>
   <department num="19">
      <department_id>190</department_id>
      <department_name>Contracting</department_name>
      <location_id>1700</location_id>
   </department>
   <department num="20">
      <department_id>200</department_id>
      <department_name>Operations</department_name>
      <location_id>1700</location_id>
   </department>
   <department num="21">
      <department_id>210</department_id>
      <department_name>IT Support</department_name>
      <location_id>1700</location_id>
   </department>
   <department num="22">
      <department_id>220</department_id>
      <department_name>NOC</department_name>
      <location_id>1700</location_id>
   </department>
   <department num="23">
      <department_id>230</department_id>
      <department_name>IT Helpdesk</department_name>
      <location_id>1700</location_id>
   </department>
   <department num="24">
      <department_id>240</department_id>
      <department_name>Government Sales</department_name>
      <location_id>1700</location_id>
   </department>
   <department num="25">
      <department_id>250</department_id>
      <department_name>Retail Sales</department_name>
      <location_id>1700</location_id>
   </department>
   <department num="26">
      <department_id>260</department_id>
      <department_name>Recruiting</department_name>
      <location_id>1700</location_id>
   </department>
   <department num="27">
      <department_id>270</department_id>
      <department_name>Payroll</department_name>
      <location_id>1700</location_id>
   </department>
</departments>
