<?xml version='1.0' encoding="UTF-8"?>
<!--
Use this file to run Oraxsl utility. Supply the following arguments at the prompt in a test for each
of the following examples on page 7-23:
  code_07_23_sa.xsl
  code_07_23_sb.xsl
  code_07_24_s.xsl
-->
<regions>
  <region num="1">
    <id>1</id>
    <name>Europe</name>
  </region>
  <region num="2">
    <id>2</id>
    <name>Americas</name>
  </region>
  <region num="3">
    <id>3</id>
    <name>Asia</name>
  </region>
  <region num="4">
    <id>4</id>
    <name>Middle East and Africa</name>
  </region>
</regions>
