<?xml version='1.0' encoding="UTF-8"?>
<departments xmlns:xsi="http://www.w3.org/2001/XMLSchema-instance"
             xsi:schemaLocation="http://www.hr.com/departments code_05_14_n.xsd"
             xmlns="http://www.hr.com/departments">
  <department>
    <department_id>10</department_id>
    <department_name>Administration</department_name>
    <manager_id>200</manager_id>
    <location_id>1700</location_id>
  </department>
  <department>
    <department_id>20</department_id>
    <department_name>Marketing</department_name>
    <manager_id>201</manager_id>
    <location_id>1800</location_id>
  </department>
</departments>
